Clase,Genero,Sobreviviente
1,0,0.39603960396039606
1,1,0.9647058823529412
2,0,0.15151515151515152
2,1,0.918918918918919
3,0,0.15019762845849802
3,1,0.46078431372549017
